epoch,supply,reserve_balance,participants,validators,raw_delta_c,effective_delta_c,reproduction_applied,state_hash
1,1005.1,316.264,120,5,12.0,1.1,4.0,7645670415a9e85ddd8cefbb578ab2cc748f31adbde7f23e3617a8b26ab49003
2,1010.2254974,312.50882338,120,5,12.0612,1.1050974,4.0204,3e1a6dd28b2fb37f622be7ddb10cfbb00ff50a09049b58f9423fb0b2a1b1e9e1
3,1015.37661443,308.734373,120,5,12.12270597,1.11021504,4.04090199,e367096ea16c028688dcf8f6895a93336b702bd176d72c974e655fdb07d3c726
4,1020.55347386,304.94055125,120,5,12.18451937,1.11535297,4.06150646,cb9a954804aab6a1f369de687faff64e4b246fb83a201f46a4c48d987521e9dc
5,1025.75619899,301.12726005,120,5,12.24664169,1.12051123,4.0822139,0273dbb10020815b9d0d9012e40619f47a7c03167d48a21a79a238e54d8506e8
6,1030.98491365,297.29440082,120,5,12.30907439,1.12568986,4.1030248,17ef99533f9a5221917e40126cb073f5ea4dcd961d77b80f0aad97c3b3be23ef
7,1036.23974221,293.44187451,120,5,12.37181896,1.13088891,4.12393965,ace4347cafbbc1891fd8f3b4bcc91b2919929da8f62db76800d59430d5bcff38
8,1041.52080959,289.56958156,120,5,12.43487691,1.13610841,4.14495897,43d7c6f69a732d1604b35b670ec1d5566057f1e3f50909ba45a4e398dcdb8390
9,1046.82824124,285.67742194,120,5,12.49824972,1.14134841,4.16608324,aa621300b87fafbd28093367c50b2eebfb922f32344833fff36fe20e9b7524d8
10,1052.16216315,281.76529513,120,5,12.56193889,1.14660895,4.18731296,d968bdf40212cc6d46c4b159be7e5d6e6a9e4ae392cfee6e0517d16f29b3f8d9
11,1057.52270187,277.8331001,120,5,12.62594596,1.15189007,4.20864865,ddc8a73682bed6bedeabc8ab21c593e044a02e419830b50f455ac8698f0bb4f8
12,1062.9099845,273.88073533,120,5,12.69027242,1.15719182,4.23009081,03025d4c925e00b67e1c036f943134426d7373a4635daa16e73366fc6f8a7e1a
13,1068.32413866,269.9080988,120,5,12.75491981,1.16251422,4.25163994,d72c6a8120fc6c5c968917a88d28cf4d0114fb3ad9180f2bdbe9759e68f45711
14,1073.76529253,265.91508801,120,5,12.81988966,1.16785732,4.27329655,f2caf1250ff84db9f8d30bae8ae0a494d7e4d2efe69cbeb073888a0cab61add5
15,1079.23357486,261.90159992,120,5,12.88518351,1.17322116,4.29506117,abbaffb45e86b3e5d5619a412e071d781b313e4bf55d60a9bb406b660afd55f5
16,1084.72911494,257.86753101,120,5,12.9508029,1.17860578,4.3169343,4c3eb754c76d2975e95071b7296155cc1901eb2ffb18c01eb5fbc6f661f61b1e
17,1090.25204261,253.81277724,120,5,13.01674938,1.18401121,4.33891646,326a90ff07e0cd777c2dd99c5edbb7baf9d67238f346717657057f807852d1de
18,1095.80248828,249.73723407,120,5,13.08302451,1.1894375,4.36100817,2375422ee99314dc2d59e63c6b14f5e1e83ea283692b9df0f7429efad5f92df5
19,1101.38058291,245.64079644,120,5,13.14962986,1.19488468,4.38320995,feea8fe8be383363fa96e3128380218d53aa882ca7f0ddc3902e7b7789177781
20,1106.98645802,241.52335878,120,5,13.21656699,1.20035278,4.40552233,b09fde06ba5d380ccc853df8fb3371c27bd7a97552c33a1fcb173f4f8d3b0654
21,1112.6202457,237.38481499,120,5,13.2838375,1.20584185,4.42794583,753dbfb2bf6f2082c90e1d0df6cdff52195d5a1fb955471700bc6c65e7393a4b
22,1118.28207859,233.22505847,120,5,13.35144295,1.21135191,4.45048098,ce505d9303e504cf7e0c50265bad3099f1db57db2f62394e8746961fa88514fb
23,1123.97208991,229.04398208,120,5,13.41938494,1.21688301,4.47312831,c3057cc33188cc928ac3eb0597bec4d4d9f084ddf65dd8dcc574e56591b4646d
24,1129.69041345,224.84147816,120,5,13.48766508,1.22243518,4.49588836,8f38309c3836db0b26fa21ca46f9fecb422d39878831ccb8680d395753cba1b3
25,1135.43718355,220.61743854,120,5,13.55628496,1.22800845,4.51876165,d274594af35941ff97dc0dd454c3979e05f5adfab0f17b5db05ba9e92edd6bfd
26,1141.21253514,216.3717545,120,5,13.6252462,1.23360286,4.54174873,3a773e984576773e180fd45334c29132b9e88ffb0ca61b3fd5dca1cc3f4a1842
27,1147.01660372,212.10431679,120,5,13.69455042,1.23921844,4.56485014,7ee92ad8d3efcf3cac03995c3b13ea39b1d371153133a33bc1b02f0541e422cc
28,1152.84952535,207.81501563,120,5,13.76419924,1.24485522,4.58806641,7945e37a3e5cf2e29a0c9f21eec03293e97f91f6f493e9b19dd116d850efc5a9
29,1158.71143668,203.50374071,120,5,13.8341943,1.25051323,4.6113981,b906fab9071526bcec2a48309b454076d1af282a52c875ce29cc1d77b6ea6d9e
30,1164.60247493,199.17038116,120,5,13.90453724,1.2561925,4.63484575,acb638832a27f712a700fe04c57399adb678cfa1fa68666d481017b5b357df9a
31,1170.52277791,194.8148256,120,5,13.9752297,1.26189308,4.6584099,eb2b892d7ac98e596222e98b420baad574ee68c6e1a6c5ae688593599dd242fe
32,1176.472484,190.43696209,120,5,14.04627333,1.26761498,4.68209111,485e026dba25c2b8a3c58c99d485a4299199f66107309bc8ccd9812d7ec61860
33,1182.45173217,186.03667813,120,5,14.11766981,1.27335823,4.70588994,b9d77295793a3d09dc812b9c75575546d5efafa1e06a27435465c6a18206214c
34,1188.46066197,181.61386069,120,5,14.18942079,1.27912287,4.72980693,155e05829ac326f2e16ad528cd66e6faf7403f7b52b3f743e61432eac283cf07
35,1194.49941354,177.16839618,120,5,14.26152794,1.28490892,4.75384265,22e3d69c335e3e29482b30a80aaaa7a696b97eecfc94d055e03940c5c0439c13
36,1200.5681276,172.70017047,120,5,14.33399296,1.29071641,4.77799765,ca48f08b766733d641be9e59e3d7930d88583df3801ec1ae48e7c73b0ab99988
37,1206.66694548,168.20906885,120,5,14.40681753,1.29654537,4.80227251,cbee0262eab2c413c3d32807bf2eb277b867aab5b7a4055df4d2ade18ede8547
38,1212.79600908,163.69497607,120,5,14.48000335,1.30239582,4.82666778,08a01e64b9602e77033d810a582c88b756be1a36c1ccbeab249cc9b8d36e02d9
39,1218.95546092,159.1577763,120,5,14.55355211,1.3082678,4.85118404,7b095bcff5a7441550ab4290fcd931a053315688750de7e387ec802a69ff847f
40,1225.14544407,154.59735317,120,5,14.62746553,1.31416131,4.87582184,37796a4c0ed2182df16fd4494f5c230c0abf11508b4a566fb00c67094ee418b1
41,1231.36610225,150.01358973,120,5,14.70174533,1.3200764,4.90058178,af1cc6bcf8f2732530d45725e736ba1c94c8b2a7364902acb85f2621a42738b6
42,1237.61757974,145.40636846,120,5,14.77639323,1.32601308,4.92546441,b10359c6cbf8b01e34200e36a8ab6cf1b4eaad405af495fb100b22b60088b5bd
43,1243.90002143,140.77557127,120,5,14.85141096,1.33197137,4.95047032,164c24ee8b8863487ab047fcefe5efdcadcb30534bf5627d87539343647a1760
44,1250.21357282,136.12107949,120,5,14.92680026,1.3379513,4.97560009,c679cdbaa52db7db9ccfdd4118e680e76725172c45a027ceeb16d50cf2059307
45,1256.55838,131.44277389,120,5,15.00256287,1.34395289,5.00085429,e73b72d19ca86c0828d58398b4fe14265b53e900eea78ea0a34d6d21ac603bdf
46,1262.93458968,126.74053465,120,5,15.07870056,1.34997616,5.02623352,80ccf866a9a9b067a7e149bfc5a8f125c653604ed7bd34a51336a83f10a16edb
47,1269.34234917,122.01424136,120,5,15.15521508,1.35602113,5.05173836,3606f2b35325497d73e0d59ba7c8c9208822b0499cf81a1da7fab6114fb8cf40
48,1275.78180639,117.26377304,120,5,15.23210819,1.36208782,5.0773694,caf6b3575346237b8b313fe7ff798b5b3c034b9df4e5c55f72cd3a5c37f16ec4
49,1282.25310987,112.48900811,120,5,15.30938168,1.36817625,5.10312723,602009c71a6275729973183bca4dd58bd70eade883c26ca0b5cf41717526f2f8
50,1288.75640874,107.68982441,120,5,15.38703732,1.37428643,5.12901244,f6a48793f78ad3ec3a5745d8930e7d7d01c3c25b41bc4d6a9ee073845bae9875
51,1295.29185275,102.86609919,120,5,15.4650769,1.38041838,5.15502563,22497237f105b0551b0eb3f7ab547e5536079e2a3a1418b4f60c23c84fa078d1
52,1301.85959228,98.01770909,120,5,15.54350223,1.38657212,5.18116741,3b3eabd51c3856d77842a958064cb050cdcee4b86866a6d16d1f2e09f9e94544
53,1308.45977832,93.14453016,120,5,15.62231511,1.39274767,5.20743837,fc093b4dbd36c06094d504f2ca79a66b75aa82ef3ac2470884fe31741c95e43c
54,1315.09256246,88.24643786,120,5,15.70151734,1.39894503,5.23383911,53b405f831a41d65160ceda6bd1d152e6b5816ec87fb8ede30ed71ab4efea65c
55,1321.75809694,83.32330703,120,5,15.78111075,1.40516423,5.26037025,58ed3afe86fae19e7ffef0cf8bc18ad6af096f5210233cff6cbb1a3676980be1
56,1328.4565346,78.3750119,120,5,15.86109716,1.41140527,5.28703239,83db09eed45eb01331acce439eba9780e426f018973145b1f7904a1f47b733af
57,1335.18802891,73.40142612,120,5,15.94147842,1.41766817,5.31382614,81f052b09df3ddba61057e778e3bf38684fad5c8eceff6f552137ee41fea3afd
58,1341.95273396,68.4024227,120,5,16.02225635,1.42395293,5.34075212,7a5522318da401461aec4ef0f3490cd8e07db817b82cdcea4b9e9760504696d1
59,1348.75080447,63.37787406,120,5,16.10343281,1.43025957,5.36781094,c3312ae14fa9c7a2eedd64dac41a22d7adfa5226228a7984b7e3d1c9192eda82
60,1355.58239578,58.32765198,120,5,16.18500965,1.43658809,5.39500322,fc27b8c66e57a8c64a9a2305705c84010c9ecde31881210ccc523f765c8f0398
61,1362.44766387,53.25162764,120,5,16.26698875,1.44293851,5.42232958,4e76e441a85deaf3e566cb3b8511d3e8a52d8d5a699853fd2231d4472fa7b084
62,1369.34676536,48.14967158,120,5,16.34937197,1.44931083,5.44979066,efda970660d5a2fec325c355a3732e03ebcd0cc6167ad9a6e8c8ca55d70e3d20
63,1376.27985748,43.02165373,120,5,16.43216118,1.45570506,5.47738706,a690e2dbc97178d29df1b1b17e9244c0f5811afe774f93979f0d35361b24848d
64,1383.24709811,37.86744339,120,5,16.51535829,1.4621212,5.50511943,5c822e5682f2223a9b39a8459f315dd1577c314807654d5344a3f30decdd8818
65,1390.24864576,32.68690922,120,5,16.59896518,1.46855926,5.53298839,7542e1e78de4de83aec617a865cd7361f90c2ceeb29ccdb148358832aa8e2c93
66,1397.28465959,27.47991926,120,5,16.68298375,1.47501925,5.56099458,1741524ce18063ac1aa14c39c8b258edf886eb529efd332d4c362d12bd115633
67,1404.35529938,22.2463409,120,5,16.76741592,1.48150115,5.58913864,f2e985f49ffafbc892e66bab2757c105c10bd674c1a4c1a663e6324ef865475d
68,1411.46072556,16.9860409,120,5,16.85226359,1.48800498,5.6174212,70b7ae44372685cbd7240f673ed13e347dcec76a4c7d5c89f7f1aec4627de094
69,1418.60109919,11.69888538,120,5,16.93752871,1.49453073,5.6458429,28ad8c1dd8e818ac060e34c037db333ecc420a45472483d6fb0f031344301331
70,1425.776582,6.3847398,120,5,17.02321319,1.50107841,5.6744044,047886339c622e5b5d55b3c59fcaecb51db25c6681f82ffbf8cd2642a904e312
71,1432.98733634,1.04346899,120,5,17.10931898,1.50764801,5.70310633,6e7fde099e0cbe1bbad33915c15f83b6ab1cdc78149a8066ed9f4584116dfc41
72,1435.90846235,0.0,120,5,17.19584804,1.51423953,1.40688648,50b2e3c93aba4b3c6b449e239abccf25cf435f7fdea780264170976f80864b7a
73,1437.78942683,0.0,120,5,17.23090155,1.51690684,0.36405764,9e531d8f3c495a288224e961f9bb29082460bf136eea8be9f7f7f9da6cbf5296
74,1439.67251993,0.0,120,5,17.25347312,1.51862347,0.36446963,b35cf0ba31ca8ccee1b6496bcb08d4a09561f80b555775ca638cc4befeac3838
75,1441.55774318,0.0,120,5,17.27607024,1.52034133,0.36488192,0d7c5438edee4778c0baef3ab470fd02c2e6131ad46a3a285a77020a9f08e206
76,1443.4450981,0.0,120,5,17.29869292,1.52206042,0.3652945,4dcc0f7db84f5c1539c3a1a29a9f20e152fde49bd31e8d2cce9b24b10ff3aa44
77,1445.33458622,0.0,120,5,17.32134118,1.52378074,0.36570738,1f72c91bfd34530c7b27434540cb2b222df0d858c571b7f8ab395d667cb16839
78,1447.22620907,0.0,120,5,17.34401503,1.5255023,0.36612055,f8637d2db42c9411ac53ed1ba8effbecb808e8a46924428242a3b40bcc65edf5
79,1449.11996817,0.0,120,5,17.36671451,1.52722508,0.36653402,2b47f4cec347645dad6d40b31706a2adbe00243e2c1d676ce964b017df65fce8
80,1451.01586504,0.0,120,5,17.38943962,1.52894909,0.36694778,f90050e5ebf2818086fffa13330850fe3a188929a8d53f9721d875d65de83fd1
81,1452.91390121,0.0,120,5,17.41219038,1.53067433,0.36736184,cc3bd2e7a2d35b7bcb36e03ebd3ee0b12783be0bc395887c4335fba37a14ded8
82,1454.8140782,0.0,120,5,17.43496681,1.5324008,0.36777619,c611cef3b2e7c2eb6029cdae31e00267bd56de71df4d990fd7bc53d30cb39555
83,1456.71639753,0.0,120,5,17.45776894,1.53412849,0.36819084,a64b3ef0ece5a0fb238098ad32797f7fe46e983e33f44487e197655244c03883
84,1458.62086072,0.0,120,5,17.48059677,1.53585741,0.36860578,f5560de33c5c34709d636baced918faff2e9e23398d6978b1d3a367d105ce6bb
85,1460.52746928,0.0,120,5,17.50345033,1.53758755,0.36902101,17f921ef3ae0aecc9f96584eadc4878bdafd0b5d7c708f787467d5f74ed61b3b
86,1462.43622473,0.0,120,5,17.52632963,1.53931891,0.36943654,4f0d02c6d2dc9c11d8ff68885102f68796bcd1ec334332444098fde90cc1359f
87,1464.34712859,0.0,120,5,17.5492347,1.5410515,0.36985236,1022bf56490e3dff32f20f773fa5789759900dfda2c4479962de1f3c31f2a72e
88,1466.26018236,0.0,120,5,17.57216554,1.5427853,0.37026847,084573e44aa57b0ec85de1401f03b319f9ec9eb021d76fcc73bf83a18b301ea4
89,1468.17538757,0.0,120,5,17.59512219,1.54452033,0.37068488,de20406e69ee58cfd71da005b53c61fcfb1e4587d65292fdb6aaf5361557f7c8
90,1470.09274572,0.0,120,5,17.61810465,1.54625657,0.37110158,c733e8147829b9973ce4bac87964d84679b69aecfa325709803bedf416705d04
91,1472.01225832,0.0,120,5,17.64111295,1.54799403,0.37151857,afbc00a0993bf204c347700f6be1aca2c6562d04ba2e56206ae12032809f7a95
92,1473.93392687,0.0,120,5,17.6641471,1.5497327,0.37193585,e28dc1099d6448d3ad6e005d6afc656abcc85013ac326e61a23935a914d4c058
93,1475.85775288,0.0,120,5,17.68720712,1.55147259,0.37235342,b979e6533fc46478d3ca34e907e498c96d78066d82b568a9185640a96140d1f7
94,1477.78373786,0.0,120,5,17.71029303,1.55321369,0.37277129,312d2b272c239b420edd7e9bf0fd67afc65d46b952871f1315965ff7b4004e79
95,1479.71188331,0.0,120,5,17.73340485,1.55495601,0.37318944,6812517963c3f03a217ab4fbf71a84d08564ddfc64c6c9d9829a096298407d9a
96,1481.64219073,0.0,120,5,17.7565426,1.55669953,0.37360789,7d192edece875a85d3731f8a44519ff6d2170618b1f5bad3973ee3404e5090a4
97,1483.57466162,0.0,120,5,17.77970629,1.55844427,0.37402662,40e40a7b619427a326bf4f301a98c0e5dacce082237d0685e49ac2a5d2b98272
98,1485.50929749,0.0,120,5,17.80289594,1.56019022,0.37444565,adf009f3db0e08394d8ff9d90ab5bea91f2e9ac7e31ea292aab3c7a82ac13725
99,1487.44609983,0.0,120,5,17.82611157,1.56193737,0.37486497,89cb0946d070238c5c154917442f26b0104a4664da6d918a18c6917eb26bebbd
100,1489.38507014,0.0,120,5,17.8493532,1.56368573,0.37528458,255a6b83798acc9a206896a29b04f402803deb00de1b0ec75cd1dc14016bbcf7
101,1491.32620991,0.0,120,5,17.87262084,1.5654353,0.37570447,773879ef65b20d5bc188cd620d94684030b1c5ba8a31fbb00f4aca505436a8b3
102,1493.26952064,0.0,120,5,17.89591452,1.56718607,0.37612466,e8e8e162db7c5733ac4454086cc4b2705356d37b10fd88e1e25a7489748187fe
103,1495.21500381,0.0,120,5,17.91923425,1.56893804,0.37654513,48b8b380e8fa91dae2e1837f773c87f7e3482034f232dbc6c9dc0306ea3a2e17
104,1497.16266091,0.0,120,5,17.94258005,1.57069121,0.37696589,82c3f0cd2a6383aad68be255c0b45ec30bf61cce9ab4540a484b7a4551336777
105,1499.11249344,0.0,120,5,17.96595193,1.57244559,0.37738694,f7e41ba631902d2bacc6d0c453184d66188e47d5ae0c5bbf3df831edff509fc2
106,1501.06450289,0.0,120,5,17.98934992,1.57420117,0.37780828,ddfb15e04dcf42851815f1833ff9f8c6846ff2eadce7b0d69ace7fdf2a955e18
107,1503.01869074,0.0,120,5,18.01277403,1.57595794,0.37822991,5cae08492001cdc913d86fd4246f428776e71a005ebf1c412076fb66b2791ab0
108,1504.97505847,0.0,120,5,18.03622429,1.57771591,0.37865182,f82cc4fdebcd9df2f263e0591008da14a85faba62b8c61c8528805916da27996
109,1506.93360757,0.0,120,5,18.0597007,1.57947508,0.37907402,464565d347523b082ebaa88bd817fb432f4913c960b9d25ed3390028b854c2c5
110,1508.89433952,0.0,120,5,18.08320329,1.58123544,0.37949651,3b8884b3deca5421e471230f474059de7e077074d93920a4e1b7d51ccede7bd6
111,1510.85725579,0.0,120,5,18.10673207,1.58299699,0.37991928,7c883160f5692b9183c41fb6dba1ef568a33770185bc5d27fdb14c9d08776bc3
112,1512.82235787,0.0,120,5,18.13028707,1.58475974,0.38034234,5ec0989d41eaf8a3001036b23bb086b0e22d2c3b849bfda56e365fa42eb31513
113,1514.78964723,0.0,120,5,18.15386829,1.58652368,0.38076568,c43ba65ef68304e890092445474021b3339d0322c7cf1e713675e8b04f25f265
114,1516.75912535,0.0,120,5,18.17747577,1.58828881,0.38118931,dfc5a51caaa13e4161d6bc898246c771eabd494ae9b37b60a1c3e07b27362cf7
115,1518.73079371,0.0,120,5,18.2011095,1.59005513,0.38161323,7b116aaa254ff616cfc6db759b73933938ff7d908d29e4e8e5f796143c46b009
116,1520.70465377,0.0,120,5,18.22476952,1.59182263,0.38203743,68f6de2297ff9544dae74ac46b00085c98f625ed19d8b40f070301c7b2f1a2f6
117,1522.68070701,0.0,120,5,18.24845585,1.59359132,0.38246192,49851b5eb56bd176162b4b40ef5216e21c29de43f4bbb1df7cdfc4f5f01571e6
118,1524.65895489,0.0,120,5,18.27216848,1.59536119,0.38288669,95d60e75961492d9dfc2934269a12e71ddbc5f49c5480da49664604e18aa4790
119,1526.63939888,0.0,120,5,18.29590746,1.59713225,0.38331174,5c9ed4a376c146950b98beeaa5194ed5741a56761a5635afbdaae4f02bc467b8
120,1528.62204045,0.0,120,5,18.31967279,1.59890449,0.38373708,dc4f006bc0be98c478d73c9c30577e97213dc615d20075647d79988515a6a03f
121,1530.60688106,0.0,120,5,18.34346449,1.60067791,0.3841627,cef097a9f9841255d74a009bda70e32659a75a6a45920a4a7acda7a8050c4323
122,1532.59392217,0.0,120,5,18.36728257,1.60245251,0.3845886,c28c407c0a7ea5ac179d6af5efcc75455090f7715c712830dd431e6457764aed
123,1534.58316525,0.0,120,5,18.39112707,1.60422829,0.38501479,b88fc014cb3823e9a551ec95dffd177a99ce96129d80e89dfc7557f159ba51e2
124,1536.57461176,0.0,120,5,18.41499798,1.60600525,0.38544126,d9f8d69c8469d3daa95ebc8d7085b9f11aea76c4c0b25d71a8e6a00c7d836edd
125,1538.56826315,0.0,120,5,18.43889534,1.60778338,0.38586801,7e2f593fc2697a81eab6c48e3624e888b0f278ad065a00ff648d7c460cf8e047
126,1540.56412089,0.0,120,5,18.46281916,1.60956269,0.38629505,4777ca984a678b6716c4d410976731e123822405cc695525d737978a249dc24d
127,1542.56218641,0.0,120,5,18.48676945,1.61134316,0.38672236,129dfc75f6dc461e3ab629808ab57375541b0dbc1b171cbf3d9bd8b069f76f45
128,1544.56246117,0.0,120,5,18.51074624,1.61312481,0.38714995,d0c4b4c700541773713660fec6e547a6befca6e47b912bb6c8fa599d1d49e75d
129,1546.56494663,0.0,120,5,18.53474953,1.61490763,0.38757783,0b4d8eb7a7f2705c18e57230d2e33ce10a61d63fb0b9b119c21b2df409e7696c
130,1548.56964424,0.0,120,5,18.55877936,1.61669162,0.38800599,ad1589b0d8433cfc7a905657c67474fb7e71b233a59313cf09e311eaa20e18b5
131,1550.57655545,0.0,120,5,18.58283573,1.61847678,0.38843443,0fccc2299d3f57db8d8251d3e0cf476bb22bb59d132700c4df85396cd98d5c2f
132,1552.58568169,0.0,120,5,18.60691867,1.6202631,0.38886314,d1f55c03cc09c00bf70889ced3e26136179ddbbe8c9dddfa55bb2dae9b9b27a0
133,1554.59702442,0.0,120,5,18.63102818,1.62205059,0.38929214,06c12c17d2c67c227e2035e9bfcfd0a7948dd12f96c69e1e95937aa0361ee790
134,1556.61058508,0.0,120,5,18.65516429,1.62383924,0.38972142,eb50b5363941a9a2c2f7ecdb62ddc28807c82b06df6b5acfba725f130570f224
135,1558.6263651,0.0,120,5,18.67932702,1.62562905,0.39015097,0f42fd16a63d5c2d6f79b5f5763bd8215bd242aee6f068a8239564e988bdbd8f
136,1560.64436592,0.0,120,5,18.70351638,1.62742002,0.3905808,f1892d0b75bd4b7c97e731128175e09b8bcb467943a5f9b65f3b6a03f0f8f3c0
137,1562.664589,0.0,120,5,18.72773239,1.62921216,0.39101092,71ba893531185bb4fe3e27bdb50f17f29c668252dd329321e380fafa1b9cd57b
138,1564.68703576,0.0,120,5,18.75197507,1.63100545,0.39144131,d056282b573850a9824db5b82ac1aac02158d9da9e1a57947b115bc7510836eb
139,1566.71170762,0.0,120,5,18.77624443,1.63279989,0.39187197,15cb799d3bdad0f81fed7ed84c9fed9f13758b6cd4493e1442afc8d9f165954d
140,1568.73860603,0.0,120,5,18.80054049,1.63459549,0.39230292,cfba25cbe9fb08e83aea18d2f067a8b5f8aa9ee230ee492428384c2c997b04b8
141,1570.76773242,0.0,120,5,18.82486327,1.63639225,0.39273414,254b14221becdba62353d07c9b78f00a1bb008d4869f88befb425d8ad2c976cb
142,1572.79908821,0.0,120,5,18.84921279,1.63819015,0.39316564,3441f2c0f0aa23e0e1ca64e067c9679df5314102b6b3787cd66bff11ee93376a
143,1574.83267483,0.0,120,5,18.87358906,1.63998921,0.39359741,7221f6e3ff3d4c085eae094c01f6e436695ac5a9c939e97368eee5a9058a79ef
144,1576.8684937,0.0,120,5,18.8979921,1.64178941,0.39402946,cc4db0c89fb9ebd0e12fed5208f75c0635e333725983d4ea7acbd46fa26c0ccb
145,1578.90654625,0.0,120,5,18.92242192,1.64359077,0.39446178,e34445c11e7f184ffed0631ec1d93793e17689857850b1d5035773aecbb13b7d
146,1580.9468339,0.0,120,5,18.94687855,1.64539327,0.39489438,631c42cdb7c09e651370ec43227555ec61202daf82ec1c00813fba536781949e
147,1582.98935807,0.0,120,5,18.97136201,1.64719691,0.39532726,a3c054b89c7bd70c259323b4c422725edc3379a02bf402d2634dfb567a8236b8
148,1585.03412018,0.0,120,5,18.9958723,1.6490017,0.39576041,0e4bed9ae46a61d16d97d6292ae784445655cc83292125bbcdeabcee731e2bdb
149,1587.08112164,0.0,120,5,19.02040944,1.65080763,0.39619383,8c6099dc3b1b2e63c0ab9f5df42e4557a7fd47c1b1291dbae772e1861ab1d181
150,1589.13036387,0.0,120,5,19.04497346,1.6526147,0.39662753,558a8a11ba57eeaefeec980d24db9a3b38aa13307eda96f2890ffee75d2e446e
151,1591.18184828,0.0,120,5,19.06956437,1.65442291,0.3970615,543d58f151ad05fe7eca4d69c940bee6876913def55ad557b1f0c1de033b6849
152,1593.23557627,0.0,120,5,19.09418218,1.65623225,0.39749574,9bc82357472bea1f41e231f45232f1f3bba78b0d5b2f73d13e784b513d033839
153,1595.29154926,0.0,120,5,19.11882692,1.65804273,0.39793026,7dc3923954fd3dd8f4af1c5a8d36078ba0391493a53412fd40a78861256a26ff
154,1597.34976865,0.0,120,5,19.14349859,1.65985435,0.39836504,07512e728b0241e44f799010d11bb23ebaa5d637169395234746a010acefabf9
155,1599.41023584,0.0,120,5,19.16819722,1.66166709,0.3988001,635983f6c627811877983cd766e6cd219b3f6f37c31f60824193db7ef279d1f7
156,1601.47295224,0.0,120,5,19.19292283,1.66348097,0.39923543,6980dd64a6ec4aa16f03a345445c31f16c00fbe6dceed5309568e60817026608
157,1603.53791926,0.0,120,5,19.21767543,1.66529598,0.39967104,357089d9cb0867654a978d7de90ececb6b4370a23754cd7abdd5380f247ac311
158,1605.60513829,0.0,120,5,19.24245503,1.66711212,0.40010691,67d7b4acf40cc68fee1120235058e6f61fe6f6f6d03d6b7641b82995de8a15c6
159,1607.67461072,0.0,120,5,19.26726166,1.66892938,0.40054305,0b15fb2173213e0d72bc912bb15c4fe15b8ed4c60087302921ca1585c47e2fd0
160,1609.74633795,0.0,120,5,19.29209533,1.67074777,0.40097946,c25183f02e43305e1073ee073902c67caf5a3fe2a3e094b1ab07beb4d4c1cc2e
161,1611.82032138,0.0,120,5,19.31695606,1.67256728,0.40141615,d05b0643f88218b683d3633400f9b8a0e4d4343bc3e43b84cbee758a7c9246eb
162,1613.89656239,0.0,120,5,19.34184386,1.67438791,0.4018531,d87a042f9ae3b7672b8bb4c1f949f9b6af1de9063b18b35a6dd32f6b5cc2d9ba
163,1615.97506237,0.0,120,5,19.36675875,1.67620966,0.40229032,410e714ed7d31592b24aff7fe9715135d74e5f8c6570e04000a5dd1dd6cb7c8f
164,1618.05582271,0.0,120,5,19.39170075,1.67803253,0.40272781,b69c6f0e6ac921e34346774e68174f3b17305fe61ce54e164e550b9f8bb103e7
165,1620.13884479,0.0,120,5,19.41666987,1.67985652,0.40316556,0d86ac5cf28790e8be491413ec8adc641b03c417e818b4bd60e65926d3015634
166,1622.22413001,0.0,120,5,19.44166614,1.68168163,0.40360359,b0b524ffccc636275edc466bdbea7a5ae21f96395fb785de6af71e80edfaa1fe
167,1624.31167973,0.0,120,5,19.46668956,1.68350784,0.40404188,bfff5e2141de9743d791f9fd4fea1f0bbc83b82d0cba2579c9680b1cb391c2b9
168,1626.40149534,0.0,120,5,19.49174016,1.68533517,0.40448044,49b0f230e3fe8f79e071ec1cd4b9f6ff07ae4f455e479b195cd68c1ae1789e47
169,1628.49357822,0.0,120,5,19.51681794,1.68716361,0.40491927,448e36eb5058e995d4c8e074d75e5492192bccc2f9f39d463320918b5a1591d1
170,1630.58792974,0.0,120,5,19.54192294,1.68899316,0.40535836,70d649be27f1e50982e68aa9570f1edc58692c7c43a571beb283d61c963bce7a
171,1632.68455128,0.0,120,5,19.56705516,1.69082382,0.40579772,91570f90ca944da33ca47287fd888553a17e65b24e51413de97206168ead409d
172,1634.7834442,0.0,120,5,19.59221462,1.69265558,0.40623734,b2a94839f85327d42729ecf9189e44f34b287438b513922622adf7e6cfd975b7
173,1636.88460987,0.0,120,5,19.61740133,1.69448844,0.40667723,d5415e9f8d221e7ed02914004fb223d5be699c08e94b218bd0bafc99277196cc
174,1638.98804966,0.0,120,5,19.64261532,1.69632241,0.40711738,5a4019528c8c5718c363de183c46a6330da4e37f6565c3ddfac570f853ef2964
175,1641.09376494,0.0,120,5,19.6678566,1.69815748,0.4075578,db906396e3487d81b76edd5e7b138a57ca7e9b6b4d7699a3816941ca881c3eb8
176,1643.20175705,0.0,120,5,19.69312518,1.69999364,0.40799847,1e6e318f292dda9797f69fb2fe2cf2964335dee9f809e0f1f197f10658c38087
177,1645.31202738,0.0,120,5,19.71842108,1.70183091,0.40843942,7eb2558a4a780af315acffc6842c0f0b14f3baec0bcc7a9631450b99cf358aab
178,1647.42457727,0.0,120,5,19.74374433,1.70366927,0.40888062,82735584c1860fdeb58947663188505e00ef2fe5a0fc464ce5a3600ce1b1f55b
179,1649.53940808,0.0,120,5,19.76909493,1.70550872,0.40932209,abe5dd9ed2030bbe9050cd41b6982072f7f44f50f75d9a5f50e0a434ec1f7444
180,1651.65652116,0.0,120,5,19.7944729,1.70734926,0.40976382,ed66379ae11467219cacb30a0bdde52636d2710badecc2895eaa037e474366b1
181,1653.77591788,0.0,120,5,19.81987825,1.7091909,0.41020582,597e951dbbef8228fa70d2e1a7efb8989c82d3675bcdbc77aaa467aa724f6838
182,1655.89759957,0.0,120,5,19.84531101,1.71103362,0.41064807,7f5ec025d95bffd1ae98df8a79e6cfe3e891170f820aa34c5353f24f70b3b1a3
183,1658.02156758,0.0,120,5,19.87077119,1.71287743,0.41109058,840a9a820dff3347c14f3c6f044c32fdda16c2aba8c45c1c58fead22a7e454bf
184,1660.14782327,0.0,120,5,19.89625881,1.71472233,0.41153336,7e828015b0df73715285f3316bbf6d300042a0f42af500e26dae44f9dd15eb0a
185,1662.27636797,0.0,120,5,19.92177388,1.71656831,0.41197639,b2648287609020e1f15fd2b0e9719713cbfbc37241c96b62ea6c3eb32f2ace09
186,1664.40720303,0.0,120,5,19.94731642,1.71841537,0.41241969,a20afbe98e8bb81032a554e668602b95118e402bf4f09df37d76bdb1b4c7c2cc
187,1666.54032978,0.0,120,5,19.97288644,1.72026351,0.41286324,7825f2ea15dd1a4d2d0979f0257a106ac2c028a7125d10e2cd0c13600bea17e8
188,1668.67574957,0.0,120,5,19.99848396,1.72211273,0.41330706,9e92a73ded44a5e22abf715b654af435dea4ebb550cc3227c735b356abd8699d
189,1670.81346371,0.0,120,5,20.02410899,1.72396302,0.41375112,8979e4693b4f015873d188186a8aaf13daa3a86813e154dd477417c8d8e1d6bb
190,1672.95347355,0.0,120,5,20.04976156,1.72581439,0.41419545,8a2b8b71906011626909141026c026ef2e1710a8fe39549ecfb5a1b41ac6d85c
191,1675.09578043,0.0,120,5,20.07544168,1.72766684,0.41464004,2a6084915690c88437a446517b566b87a04e8f4c96b5e5a872995bdcfb7fd63b
192,1677.24038566,0.0,120,5,20.10114937,1.72952035,0.41508488,3c1fb3d4a61621e5d745aee19f0543ab50396d9e03165b3a346207085f3d5fec
193,1679.38729057,0.0,120,5,20.12688463,1.73137493,0.41552998,c374bdfd0241d12b50062977e2fbcd3683cf61e4ffea67dc344f591f8fddf453
194,1681.53649649,0.0,120,5,20.15264749,1.73323058,0.41597534,b8911657f88013a96b148974d0f61bb750be65de598a7787aa0af1404278aa9a
195,1683.68800474,0.0,120,5,20.17843796,1.7350873,0.41642095,f96489d06ffcb1ef132a42d248a63bc03ba2fbb4bdd727ee4dafb61a8995fcb6
196,1685.84181664,0.0,120,5,20.20425606,1.73694508,0.41686682,3b2b7e1c30e861be3a8d30b4f5e33f0401ae64099555b38246b836b1b7c6f252
197,1687.9979335,0.0,120,5,20.2301018,1.73880392,0.41731294,01e43a45760a0312c1fa4ad773c1b1781bc2d94d3d3ec9a5cd2e6a99809492e9
198,1690.15635664,0.0,120,5,20.2559752,1.74066382,0.41775932,6265547bcffe655354231d9b36af9b8862d62a12dfa70c2fd1855cf552b068a0
199,1692.31708737,0.0,120,5,20.28187628,1.74252478,0.41820595,a5d5d2087c919757a2b5af7bac39e6601fa048720f4bf7766a4fe9b884f4094b
200,1694.48012699,0.0,120,5,20.30780505,1.74438679,0.41865283,9430fc86bebeb3cef3dd88ed30867d0946df5fcca45d0abb357e7cb921081f9d
201,1696.64547682,0.0,120,5,20.33376152,1.74624986,0.41909997,6529db1bc389f735d6084933161f83fb7195b5217e643dcae9297f784da14720
202,1698.81313816,0.0,120,5,20.35974572,1.74811398,0.41954736,facad808190e7343d31a477d0cd1558fce913f65b82a94d4e0f28666fef6ed71
203,1700.98311232,0.0,120,5,20.38575766,1.74997916,0.419995,63f8e900dae54f165659817d40359ff694d4e53c046f3549b473250207648886
204,1703.15540059,0.0,120,5,20.41179735,1.75184538,0.42044289,2f3c4716c56e25ce79abdf9e3c62500c16c8917322900fe4507bb30cafa94634
205,1705.33000428,0.0,120,5,20.43786481,1.75371265,0.42089104,668546f6ffe55b6e21fbf7827f44893b3ea9b6d508b87fbaaa5c76fe56eeaca5
206,1707.50692467,0.0,120,5,20.46396005,1.75558096,0.42133943,c56d269ae09c4a446f939d95d1aeaf505692cc1517240e0897d472ef375593ad
207,1709.68616307,0.0,120,5,20.4900831,1.75745032,0.42178808,6024f93fe5a1f6fbf0e05aef52dcf365f6fe6458bac8fe45a80da4fe07ab2d7c
208,1711.86772076,0.0,120,5,20.51623396,1.75932072,0.42223697,36e07ac307ed74c2959e54a6dd570ed0045d9f41afa38cdde99256401a540eba
209,1714.05159904,0.0,120,5,20.54241265,1.76119216,0.42268612,d9a7ff5e1e0990a16fd48e8e80faf065f9d814c27aa9b1864bf78d1837fe4d93
210,1716.23779918,0.0,120,5,20.56861919,1.76306463,0.42313551,e06180b44b64540524f56706d90902168177da53ed4358abb8e5e56468add4d3
211,1718.42632247,0.0,120,5,20.59485359,1.76493814,0.42358515,cc2e654bc52f87d07ae0f23938976dd238c7c24ca6d0035feca579c6ed406b00
212,1720.61717019,0.0,120,5,20.62111587,1.76681268,0.42403504,42d1907971b08946b6332eb76561849b3d79b601b5f8bbd793f1b363a8a3e4bd
213,1722.81034363,0.0,120,5,20.64740604,1.76868826,0.42448518,9d9f169eb8efcdfac52f19685b68cc32c876757f7836a8beba25001d7d3f37d7
214,1725.00584406,0.0,120,5,20.67372412,1.77056486,0.42493557,07a981e87e4c0b075697f671bf3dca360473d0f152e6d7673e14b44ecc8ac56e
215,1727.20367276,0.0,120,5,20.70007013,1.7724425,0.4253862,e8fc1ed333691c1c8996cc1c8c560bb8de8f9d1dd83b4a46597c186f2dd83b50
216,1729.40383099,0.0,120,5,20.72644407,1.77432115,0.42583708,033e6989175af3989910dc223fa4bb5a0576980c3f895c998ede05240051f3f6
217,1731.60632003,0.0,120,5,20.75284597,1.77620084,0.4262882,bdc0ea25f84d80e076bbdca5f55de9d8635ccbaa0033398d0b1c762b1d653eec
218,1733.81114114,0.0,120,5,20.77927584,1.77808154,0.42673957,ac0320d6447b742c1f24a554b86fad27c83f74d46d1e096d102c841b0c134f13
219,1736.01829558,0.0,120,5,20.80573369,1.77996326,0.42719118,d3830650fd0776944781ac58665956362a6406e43bdd61b63a0dd6a10a91ce49
220,1738.22778462,0.0,120,5,20.83221955,1.781846,0.42764304,c8241adcdffe557207c6f935bc23b450313c7e9840d0719627f0443131b7dff1
221,1740.43960952,0.0,120,5,20.85873342,1.78372976,0.42809514,c6c2d8bfe59ba6fc3fae9a236e9b054f83718ef7dbd55603968e0a8ea383e6c9
222,1742.65377154,0.0,120,5,20.88527531,1.78561453,0.42854749,32dd47230bb16d73879cc2134416b2c37a1069507c56d79ddce2ee3752411b6d
223,1744.87027192,0.0,120,5,20.91184526,1.78750031,0.42900007,a440e01d6a0ca2b3ec9b8347ab035257b17a4befd65c1193977c1ae504a54f1d
224,1747.08911192,0.0,120,5,20.93844326,1.7893871,0.4294529,f8e6cc6491a9924910adff64fd4a1368c08613cf89e29ff102ac04669c60fccc
225,1749.3102928,0.0,120,5,20.96506934,1.7912749,0.42990598,84a7c633250e37508756fcae75b08cad963ed72a77675e4196e3a71b32eda22e
226,1751.53381579,0.0,120,5,20.99172351,1.7931637,0.43035929,a5f906aeac8bf42f54d1b63e306c8a9024edbe8ae1d7f48a3e1c2442d2e83412
227,1753.75968214,0.0,120,5,21.01840579,1.79505351,0.43081284,2b6ac4266a8476c36b7acbaae569c8adc890949eec5312bd48de365740d22f7b
228,1755.9878931,0.0,120,5,21.04511619,1.79694432,0.43126664,3670c61664583de4b3a4cf53e88b83ede8f542c01988938e5ed26a00e5fb81ee
229,1758.21844989,0.0,120,5,21.07185472,1.79883612,0.43172067,6f1baf649c4adc9ded01cf996cc00c8cf6b8fe676af85b823ce0c49a21bf62ab
230,1760.45135376,0.0,120,5,21.0986214,1.80072893,0.43217494,2a4c3308e71243a77506b760c3f826f03e01588f0c45489bca23c1290b84bcc4
231,1762.68660595,0.0,120,5,21.12541625,1.80262273,0.43262946,91c2d04b832a5c3499fac0858a747140dc7a4b83718812828476dec6b8913cc9
232,1764.92420767,0.0,120,5,21.15223927,1.80451752,0.4330842,758b0c773b41884cb10a8c96a37c00b6819b4823d4f677375dfa999dfc50d080
233,1767.16416016,0.0,120,5,21.17909049,1.8064133,0.43353919,ad61be046e34fbc8e60cbbe79a1c80126bc3ae9ef93083d65669819c298f2f02
234,1769.40646466,0.0,120,5,21.20596992,1.80831008,0.43399442,fe8428e2adc49662754933b4c205237eea13cb0d9d0da1101c87e6fe9ebffce9
235,1771.65112237,0.0,120,5,21.23287758,1.81020783,0.43444988,8b59bf72b3ba3455b88ea3c1a1229a87a718fbf062dd042f9f1cefcc39cdd0b6
236,1773.89813453,0.0,120,5,21.25981347,1.81210658,0.43490558,918b9066093f40caee8cf7fade783099cc6e10322638ef724188b4f60024a3f3
237,1776.14750234,0.0,120,5,21.28677761,1.8140063,0.43536151,35d5bbbd3231fcc132e5a44f66489ed2992b957aaebc1336635606657ed1230a
238,1778.39922703,0.0,120,5,21.31377003,1.81590701,0.43581768,be3fe465733f5cdda46359f28d409ff51abf6c99e742d76f3c9f4051d28c597a
239,1780.65330981,0.0,120,5,21.34079072,1.81780869,0.43627409,2ca9f5524852d7606a2edf2a47eb22a8b1401b3b0cdfd32354c5281dc47331e1
240,1782.90975188,0.0,120,5,21.36783972,1.81971135,0.43673072,b9e78da19c0f5559ca4850ca75dfa7089c93a1bbadcc041f41ca2b84af1797e3
241,1785.16855446,0.0,120,5,21.39491702,1.82161498,0.4371876,415001560efb7e8ce2c8e068c24d5ce941adfbc2572d5d466bd1904bc7451af8
242,1787.42971875,0.0,120,5,21.42202265,1.82351959,0.4376447,2c5d81f3518541b900ecd691af03743b9d962e8f9bc9e2546a020a164ae73b97
243,1789.69324595,0.0,120,5,21.44915662,1.82542516,0.43810204,646bab1c7e81391d11e15b21b67f8299ea7fe94acbbceb865fe317cf12e0a064
244,1791.95913726,0.0,120,5,21.47631895,1.8273317,0.43855961,f33886e6799a9e0026c3313ff3c3c89c941f4b06496183ecc155447cf8561f7f
245,1794.22739388,0.0,120,5,21.50350965,1.82923921,0.43901741,fca6e1ccb5055c338ce139b83aaa48d52a786d0ee1640a638da902e98f6315eb
246,1796.498017,0.0,120,5,21.53072873,1.83114768,0.43947544,2bed2186a9a1c45fa3611b5eaa096ed44dd41bcfe668ab7747c0d056d23111ce
247,1798.77100782,0.0,120,5,21.5579762,1.83305711,0.43993371,2bf16770a83e8c05853219a99a4742cc59cbf356a5bbbcef608a06b63edcb896
248,1801.04636752,0.0,120,5,21.58525209,1.8349675,0.4403922,0eb8bc5e4f07ed130b1f5f8239278968bd6a7462d9b126ae01e0ca370f3aed3e
249,1803.32409728,0.0,120,5,21.61255641,1.83687884,0.44085092,2dff530c3c00ad9f030df0c9dabde26b5c021799d30e1b82553e041e66520a00
250,1805.60419829,0.0,120,5,21.63988917,1.83879114,0.44130987,22fbb08644b6c2593c7af2e148e6c220e3afadc86d91a5811f515ec533efbe9a
251,1807.88667173,0.0,120,5,21.66725038,1.84070439,0.44176905,fdde5520644e9e369ad3c70249272c88fa88a3aea13c0ec98247724c2ce58a07
252,1810.17151877,0.0,120,5,21.69464006,1.84261858,0.44222846,dae5571b8a200732b7dcabed9a38c7ca8cace4c76285a4bc2ead163db6100e1c
253,1812.4587406,0.0,120,5,21.72205823,1.84453373,0.4426881,9f97993c5968841377953f33ebef07a7fe72db5e2ce9ee1924e27a01ff98a04d
254,1814.74833838,0.0,120,5,21.74950489,1.84644982,0.44314796,00c473d1051a66400057978501678ef3897c5f93c3f0df733642e740fc5a4284
255,1817.04031327,0.0,120,5,21.77698006,1.84836685,0.44360804,e86ded87438288db68c2613b67b518b6497fe09f7c5c8629989db41112774641
256,1819.33466646,0.0,120,5,21.80448376,1.85028483,0.44406836,c2f41d1890521249194f3de95d54fbaa41fa814e9ba39336b5ea812acf308ad1
257,1821.6313991,0.0,120,5,21.832016,1.85220374,0.4445289,1cff5be3e14f13de99e1ad4a5935dca145cee8fde05844094424b05a3116455d
258,1823.93051234,0.0,120,5,21.85957679,1.85412358,0.44498966,1c8cd381effc8384302e3443b323c4d153543a492e5ae5abd0ec5e4197ddbb4f
259,1826.23200735,0.0,120,5,21.88716615,1.85604436,0.44545065,ef2e7f4a4a2928b3424094f1a236b6047917b0831f398d563d08f4fc77b6a3db
260,1828.53588528,0.0,120,5,21.91478409,1.85796607,0.44591186,6ce8793dee92f47e5911be88df0ab014b301a1d08b4e224d1eb00e37afc6459d
261,1830.84214728,0.0,120,5,21.94243062,1.85988871,0.44637329,1e8b681a66b3d9224061d51310ba2a1eaddfcd1a099308413139ffa098607b95
262,1833.15079451,0.0,120,5,21.97010577,1.86181228,0.44683495,59b0079eb409675443000d5942b86cac5c49facc9a383354059f06f05373fb55
263,1835.4618281,0.0,120,5,21.99780953,1.86373677,0.44729682,92ad6607b4d659903643d5f574317ffadf7f0fe72f93d5bbd6f70321cf17a1ce
264,1837.7752492,0.0,120,5,22.02554194,1.86566218,0.44775892,004fc6ac85b51c0916c19eee0dbe240bd2e6fa09c9ad07b45c1dc902e6d6d041
265,1840.09105895,0.0,120,5,22.05330299,1.86758851,0.44822124,395b92549f0e18df8430f29996250fc4cbcfffe7e1bf5ef75980470958df187b
266,1842.40925849,0.0,120,5,22.08109271,1.86951576,0.44868378,93daf418e78dca30f43ed34ad6f38e156acfc13355d3295941a5801b0d9877b1
267,1844.72984895,0.0,120,5,22.1089111,1.87144392,0.44914654,d5ee0430c01d2fd1f46eea606789ce2cfec7ccf6e5f299d6ac9c84460f9ba07b
268,1847.05283147,0.0,120,5,22.13675819,1.873373,0.44960952,e212d0100812d636bfb57d2a737f136331375b86d235ff9d05432cb8ff509b96
269,1849.37820717,0.0,120,5,22.16463398,1.87530298,0.45007272,303510bebc1bd409bd178d3d0597cc8caf6cfdc9de7fd90654de38c8dc09ea34
270,1851.70597717,0.0,120,5,22.19253849,1.87723387,0.45053613,510401bdf1ad724039695c78ac293c42dd62757dc0dc8ea68b3ec8c939de33e0
271,1854.0361426,0.0,120,5,22.22047173,1.87916567,0.45099976,6ea2285f22c3c8e752b1fcc4ba1f94fae0923f439326ecbbff399806242e4224
272,1856.36870458,0.0,120,5,22.24843371,1.88109837,0.45146361,67f885496ff40375ade8f47ece0fedff916b2e88fb9c33b95dd717af3404c3d7
273,1858.70366422,0.0,120,5,22.27642445,1.88303197,0.45192767,24080db6a04f6b6ded0c39219097141c5b721dfc1f3c7a2b3897cc2061c737e0
274,1861.04102264,0.0,120,5,22.30444397,1.88496647,0.45239195,08f46d60007b7c088cfd1e163e80d56bd845647e7db2e111beb46ee764a4b78a
275,1863.38078095,0.0,120,5,22.33249227,1.88690186,0.45285645,d64c370dde14622470620b95413dddd94ccbb582765b578c61ebeed5f8d17c81
276,1865.72294024,0.0,120,5,22.36056937,1.88883814,0.45332115,d848d9aa137ea05d68540a719eeb7f8815fcc16d46156f8f542a8cc2c7ca53c6
277,1868.06750164,0.0,120,5,22.38867528,1.89077532,0.45378608,5a157b80df6a7674c9b993116b2c6dbae13ae9f8d4436ab1d67f96f21a32ba11
278,1870.41446623,0.0,120,5,22.41681002,1.89271338,0.45425121,188d474e68a2c33b357b1847ea1c320f760a2edbd78dd10b18fa39ff63fd74f5
279,1872.76383512,0.0,120,5,22.44497359,1.89465233,0.45471656,49d1e0b03a3546c8c3f5bf8d3ea41d5b7fe032c8fa723364cb9d38ffd7ed8b26
280,1875.1156094,0.0,120,5,22.47316602,1.89659216,0.45518212,1ba9e288dede6670c241bd9123514c2cc70ca4d7942c66a52f058e7dd8dd072c
281,1877.46979017,0.0,120,5,22.50138731,1.89853288,0.45564789,165735528732c3349ceff7863c6214ed24768fe988cb718ccfad926de46fda06
282,1879.82637851,0.0,120,5,22.52963748,1.90047447,0.45611387,270ea703a68d0463cfd9fa1e20a3a797348190691d4ed13e563eafdfe63d498d
283,1882.1853755,0.0,120,5,22.55791654,1.90241693,0.45658006,2478bbd946487a0ca60fe273b50eb7612f54a0d9586c8eeb27edb1b5bdf7fb6a
284,1884.54678223,0.0,120,5,22.58622451,1.90436027,0.45704646,dc38e9a8917a074a3a7534fcf4a5b29bcfd7aea45ab41eda2f7abb77387c4b1b
285,1886.91059979,0.0,120,5,22.61456139,1.90630448,0.45751308,b160ce4a016ee88e9e8fc20e5ba73dd6e43451532b5faa98edb833655bf9d3a3
286,1889.27682924,0.0,120,5,22.6429272,1.90824956,0.45797989,f3586fb0d3d98d9aad2408247058dcfb681bd4148e636a9c22e873c736a24e07
287,1891.64547166,0.0,120,5,22.67132195,1.9101955,0.45844692,2e8e44b54051aa68a4f7ad74581302f20a4f82346f17903c254bf4e81906056e
288,1894.01652812,0.0,120,5,22.69974566,1.91214231,0.45891415,e544b05c70954d17b6527a5ce55aa27aedd99954c61c4c5525f8b64366e7ce7b
289,1896.38999968,0.0,120,5,22.72819834,1.91408997,0.45938159,9827be1a031ba78171822f18dd35804e777648e321691ba1220cc300fcc5c2fa
290,1898.76588742,0.0,120,5,22.75668,1.9160385,0.45984924,713653462df03fb5984518b66806cf8f1214c801b6767042c4f4c0ecb412cbd5
291,1901.14419239,0.0,120,5,22.78519065,1.91798788,0.46031709,6e127434802878bcf89040572e3e1f275857a7fe9fbad39479aacc02f3118166
292,1903.52491565,0.0,120,5,22.81373031,1.91993811,0.46078515,8eeb362d6c5d8d258b1f8fb2418f1ab137838331614348c333725845f27a7849
293,1905.90805825,0.0,120,5,22.84229899,1.92188919,0.46125341,cae811e215c44c50b3f9476af28f4bf6d9e8260a957f7f0faafb373436234ed0
294,1908.29362124,0.0,120,5,22.8708967,1.92384112,0.46172187,7263f6fe7739f69c5fd09cd405a21c1fa5b850fab77937e3642e82c9d40dda67
295,1910.68160566,0.0,120,5,22.89952345,1.92579389,0.46219053,db1c161c6e6d597f79db0ecd658e862910ee3689a49207afdec6d678d5687722
296,1913.07201257,0.0,120,5,22.92817927,1.92774751,0.4626594,78287d898cfe3b0cf5687182d933f7868e44608f8d8ea364c7390e29d507cac0
297,1915.464843,0.0,120,5,22.95686415,1.92970196,0.46312847,5499472ec7a702d7c57ef23457df90b35f086c641f4212eaa1d9b1aa71da4302
298,1917.860098,0.0,120,5,22.98557812,1.93165726,0.46359774,6d61d275d9386e1a0d7882ce2c983191f2a6c3938fd8854ed748320467a34f04
299,1920.25777859,0.0,120,5,23.01432118,1.93361338,0.46406721,ace0692d6012e3b34da6b961f45bb4ac5b242370b73a256dbc8dc280b175234e
300,1922.65788581,0.0,120,5,23.04309334,1.93557034,0.46453688,23de8a96c7122de2941eda14c0f62f3e9f83e23c0119e18b864e6dfa152055df
301,1925.06042069,0.0,120,5,23.07189463,1.93752813,0.46500675,274224522a9002cc3f5bbf894453d5aa93222ed913b0cbcfbdfe570f772bab14
302,1927.46538425,0.0,120,5,23.10072505,1.93948674,0.46547682,4bafcf7ffe7e8f9334c865bc9205ad5f5042dcbe1f4379dc761e080d6b88763d
303,1929.87277751,0.0,120,5,23.12958461,1.94144618,0.46594708,ab4ce529b10f25e0e93bf5143e4d88f4cf63dab47d3762d187fe6ceb2216b40f
304,1932.2826015,0.0,120,5,23.15847333,1.94340644,0.46641755,33bdc5c9fed3c965b0ab753ca784d68e373e1b321cbdfa685201089e7aa0d371
305,1934.69485722,0.0,120,5,23.18739122,1.94536752,0.4668882,30091dc625a5f3fe92c4f6a0ef5092d2eb7826f944349e77eb05fe2e5b78287a
306,1937.10954569,0.0,120,5,23.21633829,1.94732941,0.46735906,7159ea74783fbdf59d5b65e376b107a11e4a8bdb994607cd1773458886c76e1f
307,1939.52666792,0.0,120,5,23.24531455,1.94929212,0.46783011,986a9e99b84f97badc2111a4fe2687272be71afd283b8b6c1c901a319f557c18
308,1941.9462249,0.0,120,5,23.27432002,1.95125563,0.46830135,9b812af6b0391becedc297ad6c0ec38deeab257804444f5a4b2ed25cd7085ac8
309,1944.36821765,0.0,120,5,23.3033547,1.95321996,0.46877279,b756b11341510c86b75b3c41aac31f0256f48d16fc328f87051484d79c21ec75
310,1946.79264715,0.0,120,5,23.33241861,1.95518508,0.46924442,30e33fffb63a69b762baa5f592e56f99b235ba62d26ea875ef826db5dcae1dfa
311,1949.21951441,0.0,120,5,23.36151177,1.95715102,0.46971624,66e4c3e8af6b6678f9820145ca0bbb089bd17967c94942e1662afb89d91345e2
312,1951.64882042,0.0,120,5,23.39063417,1.95911775,0.47018826,820c63ef47d9182a0c683a4ef5ab23608f4d0407c17b1ec8f77643265fe75621
313,1954.08056615,0.0,120,5,23.41978585,1.96108527,0.47066046,4b1707408d253ab8b162824f6a183f66613c7ffc52a13fd9d8d65baf9af77a55
314,1956.5147526,0.0,120,5,23.44896679,1.96305359,0.47113286,42fa70d083c0ef380f0e17d36d330d9dbc64765265e95fc981ee2db849536e2d
315,1958.95138076,0.0,120,5,23.47817703,1.96502271,0.47160545,949e24605aa60053cbf4731b41450accc8bb351e8e4a4897ef25accb49b6efa8
316,1961.3904516,0.0,120,5,23.50741657,1.96699261,0.47207823,3f83731ab886bac83836c965d64a8d06c7ecf5b002c25ab45c4eddbdb6abe5e0
317,1963.83196608,0.0,120,5,23.53668542,1.96896329,0.47255119,3172f7d1f7254f048e929f670eb987094c9ecb7d534702f2089487892a7b3cdf
318,1966.27592518,0.0,120,5,23.56598359,1.97093476,0.47302434,e0b98c07d64d34e49c69077ba6eac5191e582af4eac982517ba90c1219073f4d
319,1968.72232987,0.0,120,5,23.5953111,1.97290701,0.47349768,98fee27b598cbd5ee965bd71e440930c4d28bb913771820cdb577fff42bbdf79
320,1971.17118111,0.0,120,5,23.62466796,1.97488003,0.47397121,1f067349c8f3b2cc4d33f4866cc19d4f37e3323a4fda1c11b4fd937ffe7cb033
321,1973.62247986,0.0,120,5,23.65405417,1.97685383,0.47444492,88468c9c444de546bc433d34c0c7ff035ac1f57e8609eba51df83a2aae5bfc30
322,1976.07622709,0.0,120,5,23.68346976,1.97882841,0.47491882,0bf040ce54f7f05dbb4992c624684d13f7531312cd8582635ab59909268af3f9
323,1978.53242374,0.0,120,5,23.71291473,1.98080375,0.4753929,b5ed9ea02fb2d85de8674ef42ea2c46fc44fd970d98b2183a2f1b5076059fb0f
324,1980.99107075,0.0,120,5,23.74238908,1.98277985,0.47586716,7b6373a49eb07ee28745fc8d5fa44fd999202e32b9e94d5aad0f72b18ad8fc08
325,1983.45216908,0.0,120,5,23.77189285,1.98475672,0.47634161,56d7035f7a16f19bfb02fb5eb9ba8178a80cefbb05bad10908b31b67e31770db
326,1985.91571967,0.0,120,5,23.80142603,1.98673435,0.47681624,d2e82512ffa9bf09d473c7d2991dffeca7b81f506f601e08deef9298f6414462
327,1988.38172347,0.0,120,5,23.83098864,1.98871274,0.47729106,9bb42ca4abc33f425e2bf6189a3d76c3d21880fa5e1fdc6472f0b84835ea2a5a
328,1990.8501814,0.0,120,5,23.86058068,1.99069188,0.47776605,2dafb0651f32c1363b055ac63218b1084f8ae028c57aacebcd0b665d0a2df298
329,1993.32109439,0.0,120,5,23.89020218,1.99267177,0.47824122,e49487bb97eece31a66e44ca027fbcb36ec27a20744ef609c12a205a7a34743f
330,1995.79446338,0.0,120,5,23.91985313,1.99465241,0.47871658,d20aedd00404a645738c5e6cdd1b35e41d5e10dbab3a9d42d2a89773fbd635c8
331,1998.27028929,0.0,120,5,23.94953356,1.9966338,0.47919211,13dbb8f729f04d26b1bd9ed69e0fff621ea93f4ca621bf4a56f1a78fb1f527da
332,2000.74857304,0.0,120,5,23.97924347,1.99861593,0.47966782,15f31afbb46b0cb2fd43e3b33e4eb462bf99f29d13ca8c23812a1c2f4e232ef4
333,2003.22931555,0.0,120,5,24.00898288,2.0005988,0.48014371,dc34622612ffe2bb312746ec94befd3483155dcbd54cf497b88fa00901728267
334,2005.71251774,0.0,120,5,24.03875179,2.00258241,0.48061978,6ce059a523cb592ed349e5a16a206d9bac0052cec52442d394847a0df7adfdfe
335,2008.19818051,0.0,120,5,24.06855021,2.00456675,0.48109602,3bcc32ddfd056ae4f2134e56a6d734410aa843b2a358daee02a15e5320fdec3f
336,2010.68630477,0.0,120,5,24.09837817,2.00655182,0.48157244,4900d9996f86a5c0441ce1484e27f6fc90bc8df98c11f1bc0a5e22c01255c394
337,2013.17689142,0.0,120,5,24.12823566,2.00853762,0.48204903,f2e13bdd55efdd065e26407923b719ac10f352fd1d6826787484afdd8775e9dc
338,2015.66994137,0.0,120,5,24.1581227,2.01052415,0.4825258,a8b859559fb6b493b058bfe12c2dc8460c099425a21c6e173deb894245e8893c
339,2018.16545551,0.0,120,5,24.1880393,2.0125114,0.48300274,2c153bf5e6385b2b4a21efa8d97ae054f832201dfc485cd0dcbdc304bd8319eb
340,2020.66343473,0.0,120,5,24.21798547,2.01449937,0.48347985,e6726bd72296a8ca2c1a73b046a43e41dec1e8ced5b0fbf9f5dd110582375889
341,2023.16387991,0.0,120,5,24.24796122,2.01648805,0.48395713,0567cedad3eb589d9c6cee5c6ec3e86f88470685b0cc8d379b6998ff2dca1e2f
342,2025.66679195,0.0,120,5,24.27796656,2.01847745,0.48443459,814d3c3deaaabdc8eab447e5aca2aa78d4d1d00ab717636c0676c038ab4b1477
343,2028.17217171,0.0,120,5,24.3080015,2.02046755,0.48491221,6c266d9620b76ef92c7a8b6df5747372141449e078227adb5dbdd8fc1eb3f671
344,2030.68002009,0.0,120,5,24.33806606,2.02245837,0.48539001,41c40bf3ccd60086907e2980bf6b2625fea05d4bcda448da75c4555285cc74a2
345,2033.19033795,0.0,120,5,24.36816024,2.02444989,0.48586797,f0e3747c868569b362bd2f64b6e81de7a2244ac9e62c62001386b648f8316edb
346,2035.70312617,0.0,120,5,24.39828406,2.02644211,0.48634611,1a4a93471653f62e62e8215c518eb5bb71343006ca16a712469965dc55cd9ea4
347,2038.21838561,0.0,120,5,24.42843751,2.02843503,0.48682441,3a6834bd0bf244f26dc81bd39bf5c5974fdf922362380988ed2211a4494ba8c8
348,2040.73611712,0.0,120,5,24.45862063,2.03042864,0.48730287,817cadd3f228bb29c5bdc9eb87dfdb8fe26290da84f4995dad7a9c756d883cd2
349,2043.25632158,0.0,120,5,24.48883341,2.03242295,0.48778151,4a0cf67b57ca732ea9668a2775d8852cb16dbd959189ac75c66fa88b7255fa5f
350,2045.77899984,0.0,120,5,24.51907586,2.03441795,0.48826031,f4101c54dc57c4430992d96319ce1fd7ce5cf23e3a20ffe94b384286fca98a07
351,2048.30415274,0.0,120,5,24.549348,2.03641363,0.48873927,1132ef6fb4fd4265f7e4bbb205b074b109347a99f0671c0915202b1551fcdc04
352,2050.83178113,0.0,120,5,24.57964983,2.03840999,0.4892184,0639f90868d600297b87daf1df1cf042e285f33032905329f2f907aac77a995b
353,2053.36188586,0.0,120,5,24.60998137,2.04040704,0.48969769,6639416a1464726f6cd771c7a28c1da00ee293d03ef3ed7887ec197c76411770
354,2055.89446776,0.0,120,5,24.64034263,2.04240476,0.49017714,513d5987871e3fa96dbf34cca56117010dc077f9ee91f88562964de7b69be522
355,2058.42952767,0.0,120,5,24.67073361,2.04440315,0.49065676,6c56bd547745cb0313e48fba4773ffaa73458b1d6c08f7649c38511fc0745f87
356,2060.96706642,0.0,120,5,24.70115433,2.04640222,0.49113653,679d8a6cc6a2ac85c99ff5338b4fe86301cca952c2d23f0c522186ee6798d682
357,2063.50708485,0.0,120,5,24.7316048,2.04840196,0.49161647,5f306058232c94bf202ce18e9743fc9531e78c5ec784888c51a8eb665670fede
358,2066.04958376,0.0,120,5,24.76208502,2.05040235,0.49209656,d9634c2290c5642dfad8d8ca0169aafda2e863579f1e5afa02914937446e1ae5
359,2068.59456399,0.0,120,5,24.79259501,2.05240341,0.49257682,09a3f01fb8489326399fd823fea10278c000341584efabab74d1863f65a15bf8
360,2071.14202635,0.0,120,5,24.82313477,2.05440513,0.49305723,6e26359ea0917b2e0901e5b2636cd93a9af3e783fb6c9f3b249ae2225551e777
361,2073.69197165,0.0,120,5,24.85370432,2.0564075,0.4935378,2f5f0324f506ccc673b4ddc04442cb81be16bda087d5cc8965ae1de73920f9cf
362,2076.24440071,0.0,120,5,24.88430366,2.05841053,0.49401853,66753a3bb20a48a0120ee3454a6679b80b1579746f4bc8e2534bd8d404e3bf6e
363,2078.79931432,0.0,120,5,24.91493281,2.0604142,0.49449941,bece662001ab9a5021534f2ed822e5a534e5f0fd8e9e3b6db7fcfa99cbbc00ca
364,2081.35671328,0.0,120,5,24.94559177,2.06241852,0.49498044,c61183752c6bae3d6eb4587054dda6883bbf60d35d87fc666ef45cd24262201f
365,2083.9165984,0.0,120,5,24.97628056,2.06442348,0.49546164,d1e8276584bb9232322399623fc37f27d194c88d11360f3c711c3a6bb120d37f
